team name,team payroll,wpct,year
Los Angeles Dodgers,"285,508,333",0.685,2022
New York Mets,"255,919,999",0.623,2022
New York Yankees,"240,290,714",0.611,2022
Philadelphia Phillies,"221,738,462",0.537,2022
San Diego Padres,"202,172,618",0.549,2022
Boston Red Sox,"201,616,000",0.481,2022
Chicago White Sox,"190,760,734",0.5,2022
Los Angeles Angels,"187,613,094",0.451,2022
Atlanta Braves,"175,335,000",0.623,2022
Houston Astros,"171,639,599",0.654,2022
Toronto Blue Jays,"164,470,905",0.568,2022
St. Louis Cardinals,"150,746,666",0.574,2022
San Francisco Giants,"142,292,500",0.5,2022
Chicago Cubs,"141,810,000",0.457,2022
Colorado Rockies,"137,852,166",0.42,2022
Texas Rangers,"134,961,333",0.42,2022
Minnesota Twins,"130,984,524",0.481,2022
Detroit Tigers,"128,640,000",0.407,2022
Milwaukee Brewers,"128,581,128",0.531,2022
Washington Nationals,"114,623,095",0.34,2022
Cincinnati Reds,"113,580,000",0.383,2022
Seattle Mariners,"92,745,714",0.556,2022
Kansas City Royals,"84,610,000",0.401,2022
Miami Marlins,"79,500,000",0.426,2022
Arizona Diamondbacks,"77,393,333",0.457,2022
Tampa Bay Rays,"75,347,813",0.531,2022
Cleveland Guardians,"57,710,000",0.568,2022
Baltimore Orioles,"41,421,166",0.512,2022
Pittsburgh Pirates,"38,575,000",0.383,2022
Oakland Athletics,"32,548,334",0.37,2022
Los Angeles Dodgers,"241,372,403",0.654,2021
New York Yankees,"201,074,956",0.568,2021
New York Mets,"186,001,814",0.475,2021
Los Angeles Angels,"180,609,676",0.475,2021
Washington Nationals,"179,557,685",0.401,2021
Boston Red Sox,"179,540,260",0.568,2021
Houston Astros,"176,495,417",0.586,2021
San Diego Padres,"175,713,986",0.488,2021
Philadelphia Phillies,"174,808,832",0.506,2021
St. Louis Cardinals,"164,972,833",0.556,2021
Chicago Cubs,"156,481,585",0.438,2021
San Francisco Giants,"149,937,613",0.66,2021
Toronto Blue Jays,"139,646,569",0.562,2021
Atlanta Braves,"132,458,375",0.547,2021
Chicago White Sox,"127,148,334",0.574,2021
Minnesota Twins,"125,153,166",0.451,2021
Cincinnati Reds,"123,575,488",0.512,2021
Colorado Rockies,"110,309,500",0.46,2021
Texas Rangers,"97,796,971",0.37,2021
Arizona Diamondbacks,"94,394,792",0.321,2021
Milwaukee Brewers,"93,818,038",0.586,2021
Kansas City Royals,"89,496,700",0.457,2021
Seattle Mariners,"83,603,100",0.556,2021
Oakland Athletics,"82,983,674",0.531,2021
Detroit Tigers,"80,866,200",0.475,2021
Tampa Bay Rays,"66,820,709",0.617,2021
Miami Marlins,"57,481,750",0.414,2021
Baltimore Orioles,"56,158,500",0.321,2021
Cleveland Guardians,"51,269,100",0.494,2021
Pittsburgh Pirates,"45,599,000",0.377,2021
New York Yankees,"214,291,339",0.55,2020
Houston Astros,"212,321,933",0.483,2020
Los Angeles Dodgers,"189,065,000",0.717,2020
Chicago Cubs,"188,959,500",0.567,2020
Los Angeles Angels,"176,329,344",0.433,2020
St. Louis Cardinals,"160,781,766",0.517,2020
Washington Nationals,"159,242,411",0.433,2020
Philadelphia Phillies,"152,877,962",0.467,2020
Atlanta Braves,"149,466,875",0.583,2020
San Francisco Giants,"144,994,027",0.483,2020
Cincinnati Reds,"143,143,673",0.517,2020
New York Mets,"142,288,337",0.433,2020
San Diego Padres,"140,317,600",0.617,2020
Texas Rangers,"137,834,500",0.367,2020
Colorado Rockies,"136,399,833",0.433,2020
Minnesota Twins,"127,610,333",0.6,2020
Chicago White Sox,"120,898,499",0.583,2020
Boston Red Sox,"120,361,000",0.4,2020
Milwaukee Brewers,"97,535,926",0.483,2020
Detroit Tigers,"96,832,300",0.397,2020
Oakland Athletics,"94,318,433",0.6,2020
Toronto Blue Jays,"92,582,371",0.533,2020
Cleveland Guardians,"89,004,234",0.583,2020
Arizona Diamondbacks,"86,471,066",0.417,2020
Kansas City Royals,"83,278,225",0.433,2020
Seattle Mariners,"70,343,800",0.45,2020
Tampa Bay Rays,"65,812,166",0.667,2020
Baltimore Orioles,"52,415,682",0.417,2020
Miami Marlins,"47,861,700",0.517,2020
Pittsburgh Pirates,"42,119,000",0.317,2020
Boston Red Sox,"222,171,123",0.519,2019
Chicago Cubs,"210,358,488",0.519,2019
New York Yankees,"208,084,848",0.636,2019
Los Angeles Dodgers,"196,729,548",0.654,2019
San Francisco Giants,"178,286,222",0.475,2019
St. Louis Cardinals,"162,830,430",0.562,2019
Washington Nationals,"161,877,935",0.574,2019
Houston Astros,"160,774,666",0.66,2019
Los Angeles Angels,"159,378,583",0.444,2019
New York Mets,"158,999,270",0.531,2019
Seattle Mariners,"150,906,143",0.42,2019
Colorado Rockies,"147,433,009",0.438,2019
Philadelphia Phillies,"140,711,962",0.5,2019
Texas Rangers,"127,660,652",0.481,2019
Cincinnati Reds,"126,423,214",0.463,2019
Milwaukee Brewers,"124,755,400",0.549,2019
Arizona Diamondbacks,"123,932,983",0.525,2019
Minnesota Twins,"121,276,933",0.623,2019
Cleveland Guardians,"119,241,701",0.574,2019
Detroit Tigers,"116,478,400",0.292,2019
Atlanta Braves,"113,778,369",0.599,2019
Toronto Blue Jays,"112,037,006",0.414,2019
Kansas City Royals,"100,658,316",0.364,2019
San Diego Padres,"99,205,017",0.432,2019
Oakland Athletics,"92,318,333",0.599,2019
Chicago White Sox,"89,354,534",0.447,2019
Pittsburgh Pirates,"76,589,154",0.426,2019
Baltimore Orioles,"72,722,906",0.333,2019
Miami Marlins,"72,449,404",0.352,2019
Tampa Bay Rays,"60,444,931",0.593,2019
Boston Red Sox,"235,649,368",0.667,2018
San Francisco Giants,"208,509,901",0.451,2018
Los Angeles Dodgers,"186,138,211",0.564,2018
Chicago Cubs,"183,463,459",0.583,2018
Washington Nationals,"181,586,759",0.506,2018
Los Angeles Angels,"174,592,209",0.494,2018
New York Yankees,"168,541,038",0.617,2018
Toronto Blue Jays,"162,664,502",0.451,2018
Seattle Mariners,"162,480,174",0.549,2018
St. Louis Cardinals,"161,005,146",0.543,2018
Houston Astros,"159,529,730",0.636,2018
New York Mets,"155,765,125",0.475,2018
Texas Rangers,"144,498,078",0.414,2018
Baltimore Orioles,"143,600,045",0.29,2018
Colorado Rockies,"141,339,833",0.558,2018
Cleveland Guardians,"137,346,173",0.562,2018
Arizona Diamondbacks,"132,495,446",0.506,2018
Minnesota Twins,"131,374,996",0.481,2018
Kansas City Royals,"129,967,987",0.358,2018
Detroit Tigers,"129,917,192",0.395,2018
Atlanta Braves,"120,542,785",0.556,2018
Cincinnati Reds,"101,185,579",0.414,2018
Miami Marlins,"98,826,644",0.391,2018
Philadelphia Phillies,"96,848,371",0.494,2018
San Diego Padres,"96,131,798",0.407,2018
Milwaukee Brewers,"90,237,112",0.589,2018
Pittsburgh Pirates,"87,860,654",0.509,2018
Tampa Bay Rays,"78,231,049",0.556,2018
Chicago White Sox,"72,177,640",0.383,2018
Oakland Athletics,"68,534,631",0.599,2018
Los Angeles Dodgers,"187,989,811",0.642,2017
Detroit Tigers,"180,250,600",0.395,2017
Texas Rangers,"178,431,396",0.481,2017
San Francisco Giants,"176,531,278",0.395,2017
New York Mets,"176,284,679",0.432,2017
Boston Red Sox,"174,287,098",0.574,2017
New York Yankees,"170,389,199",0.562,2017
Chicago Cubs,"170,088,502",0.568,2017
Washington Nationals,"162,742,157",0.599,2017
Toronto Blue Jays,"162,353,367",0.469,2017
Baltimore Orioles,"161,684,185",0.463,2017
Seattle Mariners,"155,207,720",0.481,2017
St. Louis Cardinals,"146,630,000",0.512,2017
Los Angeles Angels,"143,965,833",0.494,2017
Atlanta Braves,"137,339,527",0.444,2017
Kansas City Royals,"132,091,916",0.494,2017
Houston Astros,"127,443,900",0.623,2017
Cleveland Guardians,"115,991,166",0.63,2017
Miami Marlins,"115,348,302",0.475,2017
Chicago White Sox,"109,591,167",0.414,2017
Colorado Rockies,"101,513,571",0.537,2017
Minnesota Twins,"100,787,500",0.525,2017
Pittsburgh Pirates,"94,637,833",0.463,2017
Arizona Diamondbacks,"90,730,499",0.574,2017
Philadelphia Phillies,"87,418,378",0.407,2017
Cincinnati Reds,"82,375,785",0.42,2017
Oakland Athletics,"70,601,667",0.463,2017
Tampa Bay Rays,"69,982,520",0.494,2017
Milwaukee Brewers,"61,020,089",0.531,2017
San Diego Padres,"34,574,400",0.438,2017
Los Angeles Dodgers,"253,639,162",0.562,2016
New York Yankees,"227,854,349",0.519,2016
Boston Red Sox,"199,864,178",0.574,2016
Detroit Tigers,"199,525,500",0.534,2016
San Francisco Giants,"171,464,943",0.537,2016
Chicago Cubs,"167,444,167",0.64,2016
Los Angeles Angels,"166,831,190",0.457,2016
Texas Rangers,"161,246,720",0.586,2016
St. Louis Cardinals,"149,186,000",0.531,2016
Baltimore Orioles,"147,943,713",0.549,2016
Washington Nationals,"146,686,385",0.586,2016
Seattle Mariners,"144,996,858",0.531,2016
Toronto Blue Jays,"140,582,027",0.549,2016
Kansas City Royals,"137,606,125",0.5,2016
New York Mets,"130,612,115",0.537,2016
Chicago White Sox,"115,998,667",0.481,2016
Colorado Rockies,"113,242,571",0.463,2016
Minnesota Twins,"104,591,200",0.364,2016
Philadelphia Phillies,"103,346,668",0.438,2016
San Diego Padres,"100,547,000",0.42,2016
Pittsburgh Pirates,"99,960,499",0.484,2016
Arizona Diamondbacks,"98,657,436",0.426,2016
Cleveland Guardians,"98,006,899",0.584,2016
Houston Astros,"96,643,000",0.519,2016
Cincinnati Reds,"93,171,452",0.42,2016
Oakland Athletics,"85,823,390",0.426,2016
Atlanta Braves,"84,821,541",0.422,2016
Miami Marlins,"70,464,500",0.491,2016
Tampa Bay Rays,"64,120,323",0.42,2016
Milwaukee Brewers,"62,964,319",0.451,2016
Los Angeles Dodgers,"230,352,402",0.568,2015
New York Yankees,"213,472,857",0.537,2015
Washington Nationals,"174,510,977",0.512,2015
Detroit Tigers,"172,792,250",0.46,2015
Boston Red Sox,"168,691,914",0.481,2015
San Francisco Giants,"166,495,942",0.519,2015
Los Angeles Angels,"146,449,583",0.525,2015
Texas Rangers,"144,816,873",0.543,2015
Philadelphia Phillies,"133,048,000",0.389,2015
San Diego Padres,"126,619,628",0.457,2015
Seattle Mariners,"123,225,842",0.469,2015
St. Louis Cardinals,"120,301,957",0.617,2015
Baltimore Orioles,"118,862,632",0.5,2015
Cincinnati Reds,"117,732,284",0.395,2015
Chicago Cubs,"117,164,522",0.599,2015
Toronto Blue Jays,"116,415,800",0.574,2015
Kansas City Royals,"112,914,525",0.586,2015
Chicago White Sox,"110,712,866",0.469,2015
Minnesota Twins,"108,262,000",0.512,2015
New York Mets,"100,133,953",0.556,2015
Milwaukee Brewers,"98,683,035",0.42,2015
Colorado Rockies,"98,261,171",0.42,2015
Atlanta Braves,"89,622,648",0.414,2015
Cleveland Guardians,"87,746,766",0.503,2015
Pittsburgh Pirates,"85,885,832",0.605,2015
Miami Marlins,"84,637,500",0.438,2015
Oakland Athletics,"80,786,666",0.42,2015
Tampa Bay Rays,"74,849,584",0.494,2015
Houston Astros,"69,064,200",0.531,2015
Arizona Diamondbacks,"65,770,333",0.488,2015
Los Angeles Dodgers,"235,295,219",0.58,2014
New York Yankees,"203,812,506",0.519,2014
Philadelphia Phillies,"180,052,723",0.451,2014
Boston Red Sox,"162,817,411",0.438,2014
Detroit Tigers,"162,228,527",0.556,2014
Los Angeles Angels,"155,692,000",0.605,2014
San Francisco Giants,"154,185,878",0.543,2014
Texas Rangers,"136,036,172",0.414,2014
Washington Nationals,"134,704,437",0.593,2014
Toronto Blue Jays,"132,628,700",0.512,2014
Arizona Diamondbacks,"112,688,666",0.395,2014
Cincinnati Reds,"112,390,772",0.469,2014
St. Louis Cardinals,"111,020,360",0.556,2014
Atlanta Braves,"110,897,341",0.488,2014
Baltimore Orioles,"107,406,623",0.593,2014
Milwaukee Brewers,"103,844,806",0.506,2014
Colorado Rockies,"95,832,071",0.407,2014
Seattle Mariners,"92,081,943",0.537,2014
Kansas City Royals,"92,034,345",0.549,2014
Chicago White Sox,"91,159,254",0.451,2014
San Diego Padres,"90,094,196",0.475,2014
New York Mets,"89,051,758",0.488,2014
Chicago Cubs,"89,007,857",0.451,2014
Minnesota Twins,"85,776,500",0.432,2014
Oakland Athletics,"83,401,400",0.543,2014
Cleveland Guardians,"82,534,800",0.525,2014
Pittsburgh Pirates,"78,111,667",0.543,2014
Tampa Bay Rays,"77,062,891",0.475,2014
Miami Marlins,"47,565,400",0.475,2014
Houston Astros,"44,544,174",0.432,2014
New York Yankees,"228,995,945",0.525,2013
Los Angeles Dodgers,"216,302,909",0.568,2013
Philadelphia Phillies,"159,578,214",0.451,2013
Boston Red Sox,"158,967,286",0.599,2013
Detroit Tigers,"149,046,844",0.574,2013
San Francisco Giants,"142,180,333",0.469,2013
Los Angeles Angels,"142,165,250",0.481,2013
Texas Rangers,"127,197,575",0.558,2013
Chicago White Sox,"124,065,277",0.389,2013
Toronto Blue Jays,"118,244,039",0.457,2013
St. Louis Cardinals,"116,702,085",0.599,2013
Washington Nationals,"112,431,770",0.531,2013
Cincinnati Reds,"110,565,728",0.556,2013
Chicago Cubs,"104,150,726",0.407,2013
Baltimore Orioles,"91,793,333",0.525,2013
Milwaukee Brewers,"91,003,366",0.457,2013
Arizona Diamondbacks,"90,158,500",0.5,2013
Atlanta Braves,"89,288,193",0.593,2013
New York Mets,"88,877,033",0.457,2013
Seattle Mariners,"84,295,952",0.438,2013
Cleveland Guardians,"82,517,300",0.568,2013
Kansas City Royals,"80,491,725",0.531,2013
Minnesota Twins,"75,562,500",0.407,2013
Colorado Rockies,"75,449,071",0.457,2013
San Diego Padres,"71,689,900",0.469,2013
Oakland Athletics,"68,577,000",0.593,2013
Pittsburgh Pirates,"66,289,524",0.58,2013
Tampa Bay Rays,"57,030,272",0.564,2013
Miami Marlins,"39,621,900",0.383,2013
Houston Astros,"24,328,538",0.315,2013
New York Yankees,"197,962,289",0.586,2012
Philadelphia Phillies,"174,538,938",0.5,2012
Boston Red Sox,"173,186,617",0.426,2012
Los Angeles Angels,"154,485,166",0.549,2012
Detroit Tigers,"132,300,000",0.543,2012
Texas Rangers,"120,510,974",0.574,2012
Miami Marlins,"118,078,000",0.426,2012
Seattle Mariners,"117,620,683",0.463,2012
St. Louis Cardinals,"110,300,862",0.543,2012
Milwaukee Brewers,"97,653,944",0.512,2012
Chicago White Sox,"96,919,500",0.525,2012
Los Angeles Dodgers,"95,143,575",0.531,2012
Minnesota Twins,"94,085,000",0.407,2012
New York Mets,"93,353,983",0.457,2012
Chicago Cubs,"88,197,033",0.377,2012
Atlanta Braves,"83,309,942",0.58,2012
Cincinnati Reds,"82,203,616",0.599,2012
San Francisco Giants,"81,978,100",0.58,2012
Baltimore Orioles,"81,428,999",0.574,2012
Washington Nationals,"81,336,143",0.605,2012
Cleveland Guardians,"78,430,300",0.42,2012
Colorado Rockies,"78,069,571",0.395,2012
Toronto Blue Jays,"75,489,200",0.451,2012
Arizona Diamondbacks,"74,284,833",0.5,2012
Tampa Bay Rays,"64,173,500",0.556,2012
Pittsburgh Pirates,"63,431,999",0.488,2012
Kansas City Royals,"60,916,225",0.444,2012
Houston Astros,"60,651,000",0.34,2012
Oakland Athletics,"55,372,500",0.58,2012
San Diego Padres,"55,244,700",0.469,2012
New York Yankees,"202,689,028",0.599,2011
Philadelphia Phillies,"172,976,379",0.63,2011
Boston Red Sox,"161,762,475",0.556,2011
Los Angeles Angels,"138,543,166",0.531,2011
Chicago White Sox,"127,789,000",0.488,2011
Chicago Cubs,"125,047,329",0.438,2011
New York Mets,"118,847,309",0.475,2011
San Francisco Giants,"118,198,333",0.531,2011
Minnesota Twins,"112,737,000",0.389,2011
Detroit Tigers,"105,700,231",0.586,2011
St. Louis Cardinals,"105,433,572",0.556,2011
Los Angeles Dodgers,"104,188,999",0.509,2011
Texas Rangers,"92,299,264",0.593,2011
Colorado Rockies,"88,148,071",0.451,2011
Atlanta Braves,"87,002,692",0.549,2011
Seattle Mariners,"86,524,600",0.414,2011
Milwaukee Brewers,"85,497,333",0.593,2011
Baltimore Orioles,"85,304,038",0.426,2011
Cincinnati Reds,"75,947,134",0.488,2011
Houston Astros,"70,694,000",0.346,2011
Oakland Athletics,"66,536,500",0.457,2011
Washington Nationals,"63,856,928",0.497,2011
Toronto Blue Jays,"62,567,800",0.5,2011
Miami Marlins,"56,944,000",0.444,2011
Arizona Diamondbacks,"53,639,833",0.58,2011
Cleveland Guardians,"49,190,566",0.494,2011
San Diego Padres,"45,869,140",0.438,2011
Pittsburgh Pirates,"45,047,000",0.444,2011
Tampa Bay Rays,"41,053,571",0.562,2011
Kansas City Royals,"36,126,000",0.438,2011
New York Yankees,"206,333,389",0.586,2010
Boston Red Sox,"162,747,333",0.549,2010
Chicago Cubs,"146,859,000",0.463,2010
Philadelphia Phillies,"141,927,381",0.599,2010
New York Mets,"132,701,445",0.488,2010
Detroit Tigers,"122,864,929",0.5,2010
Chicago White Sox,"108,273,197",0.543,2010
Los Angeles Angels,"105,013,667",0.494,2010
Seattle Mariners,"98,376,667",0.377,2010
San Francisco Giants,"97,828,833",0.568,2010
Minnesota Twins,"97,559,167",0.58,2010
Los Angeles Dodgers,"94,945,517",0.494,2010
St. Louis Cardinals,"93,540,753",0.531,2010
Houston Astros,"92,355,500",0.469,2010
Atlanta Braves,"84,423,667",0.562,2010
Colorado Rockies,"84,227,000",0.512,2010
Baltimore Orioles,"81,612,500",0.407,2010
Milwaukee Brewers,"81,108,279",0.475,2010
Cincinnati Reds,"72,386,544",0.562,2010
Kansas City Royals,"72,267,710",0.414,2010
Tampa Bay Rays,"71,923,471",0.593,2010
Toronto Blue Jays,"62,689,357",0.525,2010
Washington Nationals,"61,425,000",0.426,2010
Cleveland Guardians,"61,203,967",0.426,2010
Arizona Diamondbacks,"60,718,167",0.401,2010
Miami Marlins,"55,641,500",0.494,2010
Texas Rangers,"55,250,545",0.556,2010
Oakland Athletics,"51,654,900",0.5,2010
San Diego Padres,"37,799,300",0.556,2010
Pittsburgh Pirates,"34,943,000",0.352,2010
New York Yankees,"201,449,189",0.636,2009
New York Mets,"149,373,987",0.432,2009
Chicago Cubs,"134,809,000",0.516,2009
Boston Red Sox,"121,745,999",0.586,2009
Detroit Tigers,"115,085,145",0.528,2009
Los Angeles Angels,"113,709,000",0.599,2009
Philadelphia Phillies,"113,004,046",0.574,2009
Houston Astros,"102,996,414",0.457,2009
Los Angeles Dodgers,"100,414,592",0.586,2009
Seattle Mariners,"98,904,166",0.525,2009
Atlanta Braves,"96,726,166",0.531,2009
Chicago White Sox,"96,068,500",0.488,2009
San Francisco Giants,"82,616,450",0.543,2009
Cleveland Guardians,"81,579,166",0.401,2009
Toronto Blue Jays,"80,538,300",0.463,2009
Milwaukee Brewers,"80,182,502",0.494,2009
St. Louis Cardinals,"77,605,109",0.562,2009
Colorado Rockies,"75,201,000",0.568,2009
Cincinnati Reds,"73,558,500",0.481,2009
Arizona Diamondbacks,"73,516,666",0.432,2009
Kansas City Royals,"70,519,333",0.401,2009
Texas Rangers,"68,178,798",0.537,2009
Baltimore Orioles,"67,101,666",0.395,2009
Minnesota Twins,"65,299,266",0.534,2009
Tampa Bay Rays,"63,313,034",0.519,2009
Oakland Athletics,"62,310,000",0.463,2009
Washington Nationals,"60,328,000",0.364,2009
Pittsburgh Pirates,"48,693,000",0.385,2009
San Diego Padres,"43,734,200",0.463,2009
Miami Marlins,"36,834,000",0.537,2009
New York Yankees,"209,081,577",0.549,2008
New York Mets,"137,793,376",0.549,2008
Detroit Tigers,"137,685,196",0.457,2008
Boston Red Sox,"133,390,035",0.586,2008
Chicago White Sox,"121,189,332",0.546,2008
Los Angeles Angels,"119,216,333",0.617,2008
Los Angeles Dodgers,"118,588,536",0.519,2008
Chicago Cubs,"118,345,833",0.602,2008
Seattle Mariners,"117,666,482",0.377,2008
Atlanta Braves,"102,365,683",0.444,2008
St. Louis Cardinals,"99,624,449",0.531,2008
Philadelphia Phillies,"98,269,880",0.568,2008
Toronto Blue Jays,"97,793,900",0.531,2008
Houston Astros,"88,930,414",0.534,2008
Milwaukee Brewers,"80,937,499",0.556,2008
Cleveland Guardians,"78,970,066",0.5,2008
San Francisco Giants,"76,594,500",0.444,2008
Cincinnati Reds,"74,117,695",0.457,2008
San Diego Padres,"73,677,616",0.389,2008
Colorado Rockies,"68,655,500",0.457,2008
Texas Rangers,"67,712,326",0.488,2008
Baltimore Orioles,"67,196,246",0.422,2008
Arizona Diamondbacks,"66,202,712",0.506,2008
Kansas City Royals,"58,245,500",0.463,2008
Minnesota Twins,"56,932,766",0.54,2008
Washington Nationals,"54,961,000",0.366,2008
Pittsburgh Pirates,"48,689,783",0.414,2008
Oakland Athletics,"47,967,126",0.466,2008
Tampa Bay Rays,"43,820,597",0.599,2008
Miami Marlins,"21,811,500",0.522,2008
New York Yankees,"189,259,045",0.58,2007
Boston Red Sox,"143,026,214",0.593,2007
New York Mets,"115,231,663",0.543,2007
Los Angeles Angels,"109,251,333",0.58,2007
Chicago White Sox,"108,671,833",0.444,2007
Los Angeles Dodgers,"108,454,524",0.506,2007
Seattle Mariners,"106,460,833",0.543,2007
Chicago Cubs,"99,670,332",0.525,2007
Detroit Tigers,"94,800,369",0.543,2007
Baltimore Orioles,"93,174,808",0.426,2007
St. Louis Cardinals,"90,286,823",0.481,2007
San Francisco Giants,"90,219,056",0.438,2007
Philadelphia Phillies,"89,428,213",0.549,2007
Houston Astros,"87,759,000",0.451,2007
Atlanta Braves,"87,290,833",0.519,2007
Toronto Blue Jays,"81,942,800",0.512,2007
Oakland Athletics,"79,366,940",0.469,2007
Minnesota Twins,"71,439,500",0.488,2007
Milwaukee Brewers,"70,986,500",0.512,2007
Cincinnati Reds,"68,524,980",0.444,2007
Texas Rangers,"68,318,675",0.463,2007
Kansas City Royals,"67,116,500",0.426,2007
Cleveland Guardians,"61,673,267",0.593,2007
San Diego Padres,"58,110,567",0.546,2007
Colorado Rockies,"54,041,000",0.552,2007
Arizona Diamondbacks,"52,067,546",0.556,2007
Pittsburgh Pirates,"38,537,833",0.42,2007
Washington Nationals,"36,947,500",0.451,2007
Miami Marlins,"30,507,000",0.438,2007
Tampa Bay Rays,"24,123,500",0.407,2007
New York Yankees,"194,663,079",0.599,2006
Boston Red Sox,"120,099,824",0.531,2006
Los Angeles Angels,"103,472,000",0.549,2006
Chicago White Sox,"102,750,667",0.556,2006
New York Mets,"101,084,963",0.599,2006
Los Angeles Dodgers,"98,447,187",0.543,2006
Chicago Cubs,"94,424,499",0.407,2006
Houston Astros,"92,551,503",0.506,2006
Atlanta Braves,"90,156,876",0.488,2006
San Francisco Giants,"90,056,419",0.472,2006
St. Louis Cardinals,"88,891,371",0.516,2006
Philadelphia Phillies,"88,273,333",0.525,2006
Seattle Mariners,"87,959,833",0.481,2006
Detroit Tigers,"82,612,866",0.586,2006
Baltimore Orioles,"72,585,582",0.432,2006
Toronto Blue Jays,"71,915,000",0.537,2006
San Diego Padres,"69,896,141",0.543,2006
Texas Rangers,"68,228,662",0.494,2006
Minnesota Twins,"63,396,006",0.593,2006
Washington Nationals,"63,143,000",0.438,2006
Oakland Athletics,"62,243,079",0.574,2006
Cincinnati Reds,"60,909,519",0.494,2006
Arizona Diamondbacks,"59,684,226",0.469,2006
Milwaukee Brewers,"57,568,333",0.463,2006
Cleveland Guardians,"56,031,500",0.481,2006
Kansas City Royals,"47,294,000",0.383,2006
Pittsburgh Pirates,"46,717,750",0.414,2006
Colorado Rockies,"41,233,000",0.469,2006
Tampa Bay Rays,"35,417,967",0.377,2006
Miami Marlins,"14,998,500",0.481,2006
New York Yankees,"208,306,817",0.586,2005
Boston Red Sox,"123,505,125",0.586,2005
New York Mets,"101,305,821",0.512,2005
Los Angeles Angels,"97,725,322",0.586,2005
Philadelphia Phillies,"95,522,000",0.543,2005
St. Louis Cardinals,"92,106,833",0.617,2005
San Francisco Giants,"90,199,500",0.463,2005
Seattle Mariners,"87,754,334",0.426,2005
Chicago Cubs,"87,032,933",0.488,2005
Atlanta Braves,"86,457,302",0.556,2005
Los Angeles Dodgers,"83,039,000",0.438,2005
Houston Astros,"76,779,000",0.549,2005
Chicago White Sox,"75,178,000",0.611,2005
Baltimore Orioles,"73,914,333",0.457,2005
Detroit Tigers,"69,092,000",0.438,2005
San Diego Padres,"63,290,833",0.506,2005
Arizona Diamondbacks,"62,329,166",0.475,2005
Cincinnati Reds,"61,892,583",0.451,2005
Miami Marlins,"60,408,834",0.512,2005
Minnesota Twins,"56,186,000",0.512,2005
Texas Rangers,"55,849,000",0.488,2005
Oakland Athletics,"55,425,762",0.543,2005
Washington Nationals,"48,581,500",0.5,2005
Colorado Rockies,"48,155,000",0.414,2005
Toronto Blue Jays,"45,719,500",0.494,2005
Cleveland Guardians,"41,502,500",0.574,2005
Milwaukee Brewers,"39,934,833",0.5,2005
Pittsburgh Pirates,"38,133,000",0.414,2005
Kansas City Royals,"36,881,000",0.346,2005
Tampa Bay Rays,"29,679,067",0.414,2005
New York Yankees,"184,193,950",0.623,2004
Boston Red Sox,"127,298,500",0.605,2004
Los Angeles Angels,"100,534,667",0.568,2004
New York Mets,"96,660,970",0.438,2004
Philadelphia Phillies,"93,219,167",0.531,2004
Los Angeles Dodgers,"92,902,001",0.574,2004
Chicago Cubs,"90,560,000",0.549,2004
Atlanta Braves,"90,182,500",0.593,2004
St. Louis Cardinals,"83,228,333",0.648,2004
San Francisco Giants,"82,019,166",0.562,2004
Seattle Mariners,"81,515,834",0.389,2004
Houston Astros,"75,397,000",0.568,2004
Arizona Diamondbacks,"69,780,750",0.315,2004
Colorado Rockies,"65,445,167",0.42,2004
Chicago White Sox,"65,212,500",0.512,2004
Oakland Athletics,"59,425,667",0.562,2004
San Diego Padres,"55,384,833",0.537,2004
Texas Rangers,"55,050,417",0.549,2004
Minnesota Twins,"53,585,000",0.568,2004
Baltimore Orioles,"51,623,333",0.481,2004
Toronto Blue Jays,"50,017,000",0.416,2004
Kansas City Royals,"47,609,000",0.358,2004
Detroit Tigers,"46,832,000",0.444,2004
Cincinnati Reds,"46,615,250",0.469,2004
Miami Marlins,"42,143,042",0.512,2004
Washington Nationals,"41,197,500",0.414,2004
Cleveland Guardians,"34,319,300",0.494,2004
Pittsburgh Pirates,"32,227,929",0.447,2004
Tampa Bay Rays,"29,556,667",0.435,2004
Milwaukee Brewers,"27,528,500",0.416,2004
New York Yankees,"152,749,814",0.623,2003
New York Mets,"117,176,429",0.41,2003
Atlanta Braves,"106,243,667",0.623,2003
Los Angeles Dodgers,"105,872,620",0.525,2003
Texas Rangers,"103,491,667",0.438,2003
Boston Red Sox,"99,946,500",0.586,2003
Seattle Mariners,"86,959,167",0.574,2003
St. Louis Cardinals,"83,486,666",0.525,2003
San Francisco Giants,"82,852,167",0.621,2003
Arizona Diamondbacks,"80,640,333",0.519,2003
Chicago Cubs,"79,868,333",0.543,2003
Los Angeles Angels,"79,031,667",0.475,2003
Baltimore Orioles,"73,877,500",0.438,2003
Houston Astros,"71,040,000",0.537,2003
Philadelphia Phillies,"70,780,000",0.531,2003
Colorado Rockies,"67,179,667",0.457,2003
Cincinnati Reds,"59,355,667",0.426,2003
Minnesota Twins,"55,505,000",0.556,2003
Pittsburgh Pirates,"54,812,429",0.463,2003
Washington Nationals,"51,948,500",0.512,2003
Toronto Blue Jays,"51,269,000",0.531,2003
Chicago White Sox,"51,010,000",0.531,2003
Oakland Athletics,"50,260,834",0.593,2003
Detroit Tigers,"49,168,000",0.265,2003
Miami Marlins,"49,050,000",0.562,2003
San Diego Padres,"47,928,000",0.395,2003
Cleveland Guardians,"45,584,834",0.42,2003
Milwaukee Brewers,"40,627,000",0.42,2003
Kansas City Royals,"40,518,000",0.512,2003
Tampa Bay Rays,"19,630,000",0.389,2003
New York Yankees,"125,928,583",0.64,2002
Boston Red Sox,"108,366,060",0.574,2002
Texas Rangers,"105,726,122",0.444,2002
Arizona Diamondbacks,"102,819,999",0.605,2002
Los Angeles Dodgers,"94,850,953",0.568,2002
New York Mets,"94,633,593",0.466,2002
Atlanta Braves,"93,470,367",0.631,2002
Seattle Mariners,"80,282,668",0.574,2002
Cleveland Guardians,"78,909,449",0.457,2002
San Francisco Giants,"78,299,835",0.59,2002
Toronto Blue Jays,"76,864,333",0.481,2002
Chicago Cubs,"75,690,833",0.414,2002
St. Louis Cardinals,"74,660,875",0.599,2002
Houston Astros,"63,448,417",0.519,2002
Los Angeles Angels,"61,721,667",0.611,2002
Baltimore Orioles,"60,493,487",0.414,2002
Philadelphia Phillies,"57,957,999",0.497,2002
Chicago White Sox,"57,052,833",0.5,2002
Colorado Rockies,"56,851,043",0.451,2002
Detroit Tigers,"55,048,000",0.342,2002
Milwaukee Brewers,"50,287,833",0.346,2002
Kansas City Royals,"47,257,000",0.383,2002
Cincinnati Reds,"45,050,390",0.481,2002
Pittsburgh Pirates,"42,323,599",0.447,2002
Miami Marlins,"41,979,917",0.488,2002
San Diego Padres,"41,425,000",0.407,2002
Minnesota Twins,"40,225,000",0.584,2002
Oakland Athletics,"40,004,167",0.636,2002
Washington Nationals,"38,670,500",0.512,2002
Tampa Bay Rays,"34,380,000",0.342,2002
New York Yankees,"112,287,143",0.594,2001
Boston Red Sox,"109,675,833",0.509,2001
Los Angeles Dodgers,"109,105,953",0.531,2001
New York Mets,"93,674,428",0.506,2001
Cleveland Guardians,"92,660,001",0.562,2001
Atlanta Braves,"91,936,166",0.543,2001
Texas Rangers,"88,633,500",0.451,2001
Arizona Diamondbacks,"85,247,999",0.568,2001
St. Louis Cardinals,"78,333,333",0.574,2001
Toronto Blue Jays,"76,895,999",0.494,2001
Seattle Mariners,"74,720,834",0.716,2001
Baltimore Orioles,"74,279,540",0.391,2001
Colorado Rockies,"71,541,334",0.451,2001
Chicago White Sox,"65,628,667",0.512,2001
Chicago Cubs,"64,515,833",0.543,2001
San Francisco Giants,"63,280,167",0.556,2001
Houston Astros,"60,387,667",0.574,2001
Pittsburgh Pirates,"57,760,833",0.383,2001
Tampa Bay Rays,"56,980,000",0.383,2001
Detroit Tigers,"49,356,167",0.407,2001
Cincinnati Reds,"48,784,000",0.407,2001
Los Angeles Angels,"47,735,168",0.463,2001
Milwaukee Brewers,"45,099,333",0.42,2001
Philadelphia Phillies,"41,663,833",0.531,2001
San Diego Padres,"38,882,833",0.488,2001
Miami Marlins,"35,562,500",0.469,2001
Kansas City Royals,"35,422,500",0.401,2001
Washington Nationals,"34,849,500",0.42,2001
Oakland Athletics,"33,810,750",0.63,2001
Minnesota Twins,"24,130,000",0.525,2001
New York Yankees,"92,938,260",0.54,2000
Los Angeles Dodgers,"90,725,953",0.531,2000
Baltimore Orioles,"83,141,198",0.457,2000
Atlanta Braves,"82,732,500",0.586,2000
Boston Red Sox,"81,210,333",0.525,2000
New York Mets,"79,759,762",0.58,2000
Arizona Diamondbacks,"77,880,333",0.525,2000
Cleveland Guardians,"76,508,334",0.556,2000
Texas Rangers,"70,785,000",0.438,2000
Tampa Bay Rays,"64,407,910",0.429,2000
Colorado Rockies,"64,130,857",0.506,2000
St. Louis Cardinals,"63,993,023",0.586,2000
Chicago Cubs,"62,129,333",0.401,2000
Detroit Tigers,"61,740,167",0.488,2000
Seattle Mariners,"59,215,000",0.562,2000
Los Angeles Angels,"55,766,667",0.506,2000
San Diego Padres,"54,971,000",0.469,2000
San Francisco Giants,"53,541,000",0.599,2000
Houston Astros,"52,356,667",0.444,2000
Philadelphia Phillies,"46,947,667",0.401,2000
Toronto Blue Jays,"46,363,332",0.512,2000
Cincinnati Reds,"44,217,500",0.525,2000
Milwaukee Brewers,"35,782,833",0.451,2000
Washington Nationals,"33,527,666",0.414,2000
Oakland Athletics,"32,121,833",0.565,2000
Chicago White Sox,"31,159,000",0.586,2000
Pittsburgh Pirates,"29,561,667",0.426,2000
Kansas City Royals,"23,132,500",0.475,2000
Miami Marlins,"19,870,000",0.491,2000
Minnesota Twins,"15,654,500",0.426,2000